{"cameraMode":{"drawMode":0,"name":"Shaded","section":"Shading Mode"},"sceneLighting":false,"audioPlay":false,"sceneViewState":{"showFog":true,"showMaterialUpdate":false,"showSkybox":false,"showFlares":true,"showImageEffects":true,"showParticleSystems":true},"in2DMode":false,"pivot":{"x":0.1381988525390625,"y":7.199999809265137,"z":-19.826082229614259},"rotation":{"x":-0.11163410544395447,"y":-0.8827183842658997,"z":0.3721407353878021,"w":-0.2645922601222992},"size":26.81077003479004,"orthographic":false}