{"cameraMode":{"drawMode":0,"name":"Shaded","section":"Shading Mode"},"sceneLighting":false,"audioPlay":false,"sceneViewState":{"showFog":true,"showMaterialUpdate":false,"showSkybox":false,"showFlares":true,"showImageEffects":true,"showParticleSystems":true},"in2DMode":false,"pivot":{"x":-26.738548278808595,"y":18.153705596923829,"z":737.6279296875},"rotation":{"x":0.06629768759012222,"y":0.9246669411659241,"z":-0.18710751831531526,"w":0.3253089487552643},"size":61.875,"orthographic":false}