{"cameraMode":{"drawMode":0,"name":"Shaded","section":"Shading Mode"},"sceneLighting":true,"audioPlay":false,"sceneViewState":{"showFog":true,"showMaterialUpdate":false,"showSkybox":true,"showFlares":true,"showImageEffects":true,"showParticleSystems":true},"in2DMode":false,"pivot":{"x":-4.773789882659912,"y":194.03846740722657,"z":-139.18093872070313},"rotation":{"x":0.3354225754737854,"y":0.32853248715400698,"z":-0.12572401762008668,"w":0.8740528225898743},"size":61.875,"orthographic":false}