{"cameraMode":{"drawMode":0,"name":"Shaded","section":"Shading Mode"},"sceneLighting":true,"audioPlay":false,"sceneViewState":{"showFog":true,"showMaterialUpdate":false,"showSkybox":true,"showFlares":true,"showImageEffects":true,"showParticleSystems":true},"in2DMode":false,"pivot":{"x":-129.4591827392578,"y":636.3436279296875,"z":441.8675842285156},"rotation":{"x":0.2178359031677246,"y":0.7234894037246704,"z":-0.26240625977516177,"w":0.6003385782241821},"size":4.041658401489258,"orthographic":false}