{"cameraMode":{"drawMode":0,"name":"Shaded","section":"Shading Mode"},"sceneLighting":false,"audioPlay":false,"sceneViewState":{"showFog":true,"showMaterialUpdate":false,"showSkybox":false,"showFlares":true,"showImageEffects":true,"showParticleSystems":true},"in2DMode":false,"pivot":{"x":9.054730415344239,"y":18.91493797302246,"z":-11.428629875183106},"rotation":{"x":0.2285110205411911,"y":0.7219349145889282,"z":-0.27944400906562807,"w":0.5903787612915039},"size":4.041658401489258,"orthographic":false}