{"cameraMode":{"drawMode":0,"name":"Shaded","section":"Shading Mode"},"sceneLighting":true,"audioPlay":false,"sceneViewState":{"showFog":true,"showMaterialUpdate":false,"showSkybox":true,"showFlares":true,"showImageEffects":true,"showParticleSystems":true},"in2DMode":false,"pivot":{"x":-17.056289672851564,"y":-27.28917694091797,"z":1.7411823272705079},"rotation":{"x":-0.22318774461746217,"y":0.7129250168800354,"z":-0.26008471846580508,"w":-0.6117881536483765},"size":145.23233032226563,"orthographic":false}