{"cameraMode":{"drawMode":0,"name":"Shaded","section":"Shading Mode"},"sceneLighting":false,"audioPlay":false,"sceneViewState":{"showFog":true,"showMaterialUpdate":false,"showSkybox":false,"showFlares":true,"showImageEffects":true,"showParticleSystems":true},"in2DMode":false,"pivot":{"x":1.3726494312286378,"y":0.8557101488113403,"z":17.711729049682618},"rotation":{"x":-0.08265924453735352,"y":-0.042511045932769778,"z":0.0033638521563261749,"w":-0.9958249926567078},"size":61.8750114440918,"orthographic":false}