{"cameraMode":{"drawMode":0,"name":"Shaded","section":"Shading Mode"},"sceneLighting":false,"audioPlay":false,"sceneViewState":{"showFog":true,"showMaterialUpdate":false,"showSkybox":false,"showFlares":true,"showImageEffects":true,"showParticleSystems":true},"in2DMode":false,"pivot":{"x":-16.212594985961915,"y":32.66168212890625,"z":56.892513275146487},"rotation":{"x":0.004262519534677267,"y":0.9755575060844421,"z":-0.21898402273654939,"w":0.019013024866580964},"size":2.8578836917877199,"orthographic":false}