{"cameraMode":{"drawMode":0,"name":"Shaded","section":"Shading Mode"},"sceneLighting":false,"audioPlay":false,"sceneViewState":{"showFog":true,"showMaterialUpdate":false,"showSkybox":false,"showFlares":true,"showImageEffects":true,"showParticleSystems":true},"in2DMode":false,"pivot":{"x":58.620826721191409,"y":7.124400615692139,"z":-18.596410751342775},"rotation":{"x":-0.10167103260755539,"y":0.5858988165855408,"z":-0.07438807934522629,"w":-0.8005703091621399},"size":2.8578836917877199,"orthographic":false}