{"cameraMode":{"drawMode":0,"name":"Shaded","section":"Shading Mode"},"sceneLighting":false,"audioPlay":false,"sceneViewState":{"showFog":true,"showMaterialUpdate":false,"showSkybox":false,"showFlares":true,"showImageEffects":true,"showParticleSystems":true},"in2DMode":false,"pivot":{"x":-11.493426322937012,"y":11.66786003112793,"z":-17.680665969848634},"rotation":{"x":-0.28999581933021548,"y":-0.24685731530189515,"z":0.07745526731014252,"w":-0.9215728044509888},"size":2.8578836917877199,"orthographic":false}