{"cameraMode":{"drawMode":0,"name":"Shaded","section":"Shading Mode"},"sceneLighting":true,"audioPlay":false,"sceneViewState":{"showFog":true,"showMaterialUpdate":false,"showSkybox":true,"showFlares":true,"showImageEffects":true,"showParticleSystems":true},"in2DMode":false,"pivot":{"x":24.882001876831056,"y":38.28431701660156,"z":-207.87513732910157},"rotation":{"x":-0.048296116292476657,"y":-0.016832489520311357,"z":0.0003864035243168473,"w":-0.9988213181495667},"size":4.041658401489258,"orthographic":false}