{"cameraMode":{"drawMode":0,"name":"Shaded","section":"Shading Mode"},"sceneLighting":false,"audioPlay":false,"sceneViewState":{"showFog":true,"showMaterialUpdate":false,"showSkybox":false,"showFlares":true,"showImageEffects":true,"showParticleSystems":true},"in2DMode":false,"pivot":{"x":-138.15191650390626,"y":133.76382446289063,"z":-61.800968170166019},"rotation":{"x":-0.20643436908721925,"y":-0.4650576710700989,"z":0.11248330771923065,"w":-0.853506326675415},"size":2.8578836917877199,"orthographic":false}