{"cameraMode":{"drawMode":0,"name":"Shaded","section":"Shading Mode"},"sceneLighting":true,"audioPlay":false,"sceneViewState":{"showFog":true,"showMaterialUpdate":false,"showSkybox":true,"showFlares":true,"showImageEffects":true,"showParticleSystems":true},"in2DMode":false,"pivot":{"x":115.92937469482422,"y":514.0782470703125,"z":202.0279998779297},"rotation":{"x":0.10110150277614594,"y":0.7952786684036255,"z":-0.5816850066184998,"w":0.1383078396320343},"size":21.921798706054689,"orthographic":false}