{"cameraMode":{"drawMode":0,"name":"Shaded","section":"Shading Mode"},"sceneLighting":false,"audioPlay":false,"sceneViewState":{"showFog":true,"showMaterialUpdate":false,"showSkybox":false,"showFlares":true,"showImageEffects":true,"showParticleSystems":true},"in2DMode":false,"pivot":{"x":-10.533788681030274,"y":4.423183917999268,"z":-2.001025438308716},"rotation":{"x":-0.051497966051101688,"y":-0.6517112255096436,"z":0.04405318200588226,"w":-0.7556560039520264},"size":2.8578836917877199,"orthographic":false}