{"cameraMode":{"drawMode":0,"name":"Shaded","section":"Shading Mode"},"sceneLighting":true,"audioPlay":false,"sceneViewState":{"showFog":true,"showMaterialUpdate":false,"showSkybox":true,"showFlares":true,"showImageEffects":true,"showParticleSystems":true},"in2DMode":false,"pivot":{"x":-1278.18212890625,"y":217.3105010986328,"z":-189.00372314453126},"rotation":{"x":-0.019960055127739908,"y":-0.815096378326416,"z":0.02813100256025791,"w":-0.578341543674469},"size":52.674224853515628,"orthographic":false}