{"cameraMode":{"drawMode":0,"name":"Shaded","section":"Shading Mode"},"sceneLighting":false,"audioPlay":false,"sceneViewState":{"showFog":true,"showMaterialUpdate":false,"showSkybox":false,"showFlares":true,"showImageEffects":true,"showParticleSystems":true},"in2DMode":false,"pivot":{"x":4.175568580627441,"y":15.141105651855469,"z":-27.950695037841798},"rotation":{"x":0.15348176658153535,"y":0.42888715863227847,"z":-0.07420016825199127,"w":0.8871510624885559},"size":4.041658401489258,"orthographic":false}