{"cameraMode":{"drawMode":0,"name":"Shaded","section":"Shading Mode"},"sceneLighting":false,"audioPlay":false,"sceneViewState":{"showFog":true,"showMaterialUpdate":false,"showSkybox":false,"showFlares":true,"showImageEffects":true,"showParticleSystems":true},"in2DMode":false,"pivot":{"x":32.77248001098633,"y":2.8511431217193605,"z":-47.85964584350586},"rotation":{"x":-0.10048112273216248,"y":-0.8930180072784424,"z":0.24709747731685639,"w":-0.36262866854667666},"size":81.18954467773438,"orthographic":false}