{"cameraMode":{"drawMode":0,"name":"Shaded","section":"Shading Mode"},"sceneLighting":true,"audioPlay":false,"sceneViewState":{"showFog":true,"showMaterialUpdate":false,"showSkybox":true,"showFlares":true,"showImageEffects":true,"showParticleSystems":true},"in2DMode":false,"pivot":{"x":-36.91122817993164,"y":31.865894317626954,"z":16.571043014526368},"rotation":{"x":-0.09945351630449295,"y":-0.8771283626556397,"z":0.20623666048049928,"w":-0.4223300516605377},"size":4.041658401489258,"orthographic":false}